date,VTI,TLT,IEF,DBC,GLD,CASH
1993-11-30,-0.0162,-0.0296776358316924,-0.0188099695528778,-0.0205631129389433,0.0264978856609368,0.002575
1993-12-31,0.0188,0.00307813706907053,0.0028168318288623,-0.0209948320413438,0.0253323703287591,0.00265
1994-01-31,0.0312,0.00645349016126158,0.00744633346660972,0.0188056746948202,0.00933994260370463,0.00260833333333333
1994-02-28,-0.0234,-0.014549164396835,-0.0120105086902577,0.00550518134715028,-0.0128463606286187,0.00253333333333333
1994-03-31,-0.0452,-0.0403975836074295,-0.0265540887099467,-0.0119162640901772,0.00581288785315914,0.002775
1994-04-30,0.0095,-0.0355518036237938,-0.0233448455243257,0.0231421121251629,-0.0178585374742926,0.00299166666666667
1994-05-31,0.009,-0.0081741474339553,-0.00579561099602198,0.0420516087926091,0.0110265857343548,0.00315
1994-06-30,-0.0273,0.00936362907227237,0.0113184013762675,0.0275145215530419,0.0110374118448995,0.00355833333333333
1994-07-31,0.031,-0.0099703764806907,-0.00566177619906723,0.0404641475751264,-0.000388963800435627,0.00354166666666667
1994-08-31,0.0439,0.0114828501100104,0.0092028961880627,-0.0251644266514154,-0.0133077382033256,0.00371666666666667
1994-09-30,-0.0191,-0.0186251386269017,-0.00601671964611056,-0.00733352889410388,0.029498369965296,0.00384166666666667
1994-10-31,0.0173,-0.0140969555047078,-0.00999876765001936,0.00443262411347511,-0.00462229940242098,0.00395833333333333
1994-11-30,-0.0366,-0.00496691100901987,-0.00696095946437663,0.0314798470138276,-0.0138030120327373,0.00425
1994-12-31,0.013,0.0276273360948284,0.00811997908413106,-0.013405590416429,-0.0132677749161008,0.00454166666666667
1995-01-31,0.0222,0.00864203311547905,0.00703183614185928,0.0239953743856605,-0.00195101373619133,0.0048
1995-02-28,0.0403,0.0308717235259079,0.0253217106509643,0.00734048560135503,-0.0050455686170916,0.00491666666666667
1995-03-31,0.0265,0.0227935582486413,0.0225029245946465,-0.0050448430493274,0.0145497026338148,0.00495
1995-04-30,0.0255,0.0186851125713134,0.016341604975014,0.0343661971830986,0.0233172825290484,0.004925
1995-05-31,0.0344,0.0531129045322739,0.0307758883027608,-0.0111655773420478,-0.0148581950233996,0.00486666666666667
1995-06-30,0.0319,0.0521116423549141,0.0307852727224621,-0.018176810795924,0.0060744509630859,0.004875
1995-07-31,0.0416,-0.0108509145031712,-0.00337276437980411,-0.0215988779803645,-0.00343172670038183,0.0047
1995-08-31,0.0102,-0.0137197619823185,-0.00652971553448974,0.00200688073394506,-0.00662817492167878,0.00465833333333333
1995-09-30,0.0379,0.0353852297365137,0.0210852883998803,0.0065808297567953,-0.00158990799384895,0.00464166666666667
1995-10-31,-0.0104,0.027834100836854,0.0141542423067544,-0.00852757248436609,0.000208844567430644,0.004525
1995-11-30,0.0438,0.0188803429165089,0.0129281291239936,0.0266628440366972,0.00566372605313981,0.00453333333333333
1995-12-31,0.0153,0.0293067418602354,0.0162977952777047,0.0326724378665175,0.00552801640237721,0.0046
1996-01-31,0.0269,0.00624553107944131,0.00985548528095861,-0.000540832882639175,0.0309983481313236,0.00440833333333333
1996-02-29,0.0172,-0.016340698433739,-0.00110124984401074,0.0427489177489178,0.0132932782576043,0.00429166666666667
1996-03-31,0.0113,-0.0426479114554859,-0.0261558856480985,0.00389206019719768,-0.0211236288170769,0.00413333333333333
1996-04-30,0.0252,-0.0200422292311968,-0.0109550461896958,0.0248126130783148,-0.00848035132884062,0.00425
1996-05-31,0.0278,-0.00794539998292465,-0.00454123247837348,-0.0305170239596469,-0.00234186076110476,0.00424166666666667
1996-06-30,-0.0073,-0.00562183532529566,-0.00378536851205681,-0.0299167533818938,-0.0169928303523589,0.00429166666666667
1996-07-31,-0.0551,0.0144664669428911,0.00954478546690604,0.015553767766157,-0.00467204817400768,0.00435833333333333
1996-08-31,0.0318,0.0241417305199177,0.0189508363398845,0.00528122524425667,0.01011813179649,0.00441666666666667
1996-09-30,0.0545,-0.015264078978545,-0.00613732473093205,0.0204885736800631,-0.0108687233767911,0.004325
1996-10-31,0.0129,0.035019694817505,0.0228678420544359,0.0275418275418275,-0.00540272485253435,0.00436666666666667
1996-11-30,0.0666,0.0410428664179575,0.0233607210970488,-0.00826653306613223,-0.00844989109612404,0.00426666666666667
1996-12-31,-0.0124,-0.00219795049587391,-0.000526347345274343,0.0394038898711795,-0.0234219928543073,0.00430833333333333
1997-01-31,0.0541,-0.0224057584957144,-0.00984066438232694,-0.00315917375455643,-0.0376422764227642,0.0042
1997-02-28,-0.0009,0.0209758517743516,0.0137718982671963,-0.0614334470989761,-0.024020725972234,0.00430833333333333
1997-03-31,-0.0459,-0.0241288120931309,-0.0129638855952896,-0.0251948051948052,0.0150903110392984,0.00428333333333333
1997-04-30,0.0447,-0.00989415381563389,-0.00597848464097861,-0.03650413002931,-0.0208635342940792,0.0044
1997-05-31,0.0722,0.0251869725810071,0.0167624152846246,0.0425884955752214,-0.00182889656573881,0.00441666666666667
1997-06-30,0.0447,0.0253074645005981,0.0166706216389851,-0.0456233421750665,-0.00895765472312704,0.00433333333333333
1997-07-31,0.0774,0.0366334158324959,0.0199677992000219,0.000555864369093939,-0.0488907148726375,0.004225
1997-08-31,-0.0369,-0.00440911871803105,0.000133348345461376,0.0105555555555557,-0.000277692070348778,0.004325
1997-09-30,0.0578,0.015487776101255,0.0102903877193818,-0.00549752611324916,-0.00367272615042746,0.0044
1997-10-31,-0.0338,0.0256424578434118,0.0136241408424698,0.0212824765063573,0.00635028808624005,0.00423333333333333
1997-11-30,0.0338,0.025784563155719,0.0135425063682621,-0.0219215155615697,-0.0579616461969402,0.00425833333333333
1997-12-31,0.0181,0.0201054004480693,0.00889328100931981,-0.0686220254565579,-0.0565285583583846,0.0044
1998-01-31,0.0058,0.0272280144660969,0.0220757705674582,-0.0588235294117646,0.00124679642585024,0.00441666666666667
1998-02-28,0.0742,-0.00437557858100448,0.000600280363621318,-0.0126262626262625,0.0290210999654099,0.00431666666666667
1998-03-31,0.0515,-0.000807287038748815,-0.00160796414504767,-0.0322890025575449,-0.00521025916837548,0.00435833333333333
1998-04-30,0.0117,0.00616407136298139,0.00532895559918224,0.0145358440700363,0.0417314320470366,0.0043
1998-05-31,-0.0267,0.00384519553895166,0.00360953704578248,-0.000976880494952814,-0.0298095948619806,0.00423333333333333
1998-06-30,0.036,0.0296706916448256,0.0139403504472625,-0.0746414602346805,-0.0226680040120362,0.00428333333333333
1998-07-31,-0.0202,0.00718646526399186,0.00692995342992575,-0.00880591757661153,0.00188149972632745,0.00426666666666667
1998-08-31,-0.1562,0.0190736702779166,0.0138369751612948,-0.0291400142146411,-0.0299108819612797,0.00424166666666667
1998-09-30,0.0665,0.0387488972313207,0.0398217374794476,0.0475841874084919,0.0171412481081272,0.0042
1998-10-31,0.073,0.0142751538003106,0.0218341056282557,-0.0258560447239693,0.0240501072738597,0.00395
1998-11-30,0.0638,-0.0172857745382818,-0.0151303833704793,-0.0308464849354376,-0.00611631128983203,0.00339166666666667
1998-12-31,0.0653,0.0191807757373782,0.0116752434424435,-0.0547742413027388,-0.00829593363253089,0.003775
1999-01-31,0.0383,-0.00641285884892344,-0.00495404847755355,0.0350163316299923,-0.0157707076247944,0.00375
1999-02-28,-0.0373,-0.0204042176076872,-0.0134743981874686,-0.046543788795379,0.000870837397241253,0.00370833333333333
1999-03-31,0.0391,-0.0198054090512806,-0.0107595258824574,0.0530603734992583,-0.00476803675216653,0.0038
1999-04-30,0.0471,0.0107552902582611,0.00909797886434226,0.0870953053581198,-0.0116799552384949,0.00380833333333333
1999-05-31,-0.0212,-0.0249956969478144,-0.0161823451559967,0.00145321274608534,-0.0218668176349869,0.003675
1999-06-30,0.0517,-0.0263605236855344,-0.0184141693747684,0.0116600644894054,-0.0547315873245551,0.00385833333333333
1999-07-31,-0.0311,0.0143399084921578,0.0112671669348911,0.0771945485026848,-0.0200145421147297,0.00393333333333333
1999-08-31,-0.0098,-0.0115138670293393,-0.00685002009263706,0.0513752533308731,0.00238206810371766,0.00390833333333333
1999-09-30,-0.0238,-0.00241443543741472,0.00681250043429858,0.0533342961163015,0.031360785383147,0.00405833333333333
1999-10-31,0.0648,-0.0121250026527167,-0.0066281276392524,-0.00410237946277714,0.173679836821032,0.00401666666666667
1999-11-30,0.0377,0.0255662358869478,0.0142595263446136,0.045406051470209,-0.0564495365602472,0.00418333333333333
1999-12-31,0.081,-0.017567159966407,-0.00656660523202574,0.0243838295138503,-0.0344839347840917,0.00435833333333333
2000-01-31,-0.0433,-0.0127730485312847,-0.0123317675718477,0.0133237288234389,0.00441586886635825,0.00446666666666667
2000-02-29,0.0289,0.0411211655152267,0.00448095392197452,0.0506126765249439,0.0546567248171075,0.00458333333333333
2000-03-31,0.0568,0.0233846085299137,0.0172568853589951,-0.00584275922950206,-0.0449209631161209,0.004775
2000-04-30,-0.0593,0.0280944550001346,0.0188557369731308,-0.08589882711727,-0.023394671601662,0.00488333333333333
2000-05-31,-0.0389,-0.035745833206083,-0.0179449087409226,0.108184391417875,-0.0160892416604097,0.00485
2000-06-30,0.0508,0.0359584781735132,0.0256789455705282,0.0524961874313292,0.0383008103492133,0.00499166666666667
2000-07-31,-0.02,0.0143313041701774,0.0114414475579922,-0.0261714277401075,-0.0144892030938299,0.00488333333333333
2000-08-31,0.0753,0.0259331187912277,0.0147684189563369,0.0247881183389538,-0.025284988813523,0.00511666666666667
2000-09-30,-0.0493,-0.00301478026710169,0.00899797211699564,0.0718262516892352,-0.00287827449265865,0.00523333333333333
2000-10-31,-0.0222,0.0108349852794337,0.0129337451514408,-0.0301679350267472,-0.0134463607132418,0.00515
2000-11-30,-0.1019,0.0119788655840345,0.00828102874160737,0.0334826174978688,-0.0147777777777778,0.00524166666666667
2000-12-31,0.0168,0.0454245455150188,0.0337563602970274,-0.0413717377390884,0.0204503590090599,0.0053
2001-01-31,0.0379,0.00351085729107111,0.0131286674762761,-0.00360329900569334,-0.0219561613556823,0.00495
2001-02-28,-0.0965,0.00828453874633103,0.00602257760578894,-0.0277121427545725,-0.0136351651662963,0.00440833333333333
2001-03-31,-0.0683,0.0203456872873034,0.0171630655127887,-0.0662310158640136,0.00442967884828338,0.004175
2001-04-30,0.0832,-0.0295307167228878,-0.00469224096758075,0.017783685390357,-0.00969471162985192,0.00378333333333333
2001-05-31,0.01,-0.0114672061658039,-0.00798190672987995,0.0314179413527444,0.0456081081081081,0.00330833333333333
2001-06-30,-0.0166,0.0166601468443605,0.0101838307639525,-0.028033214655392,-0.00782053164928764,0.00308333333333333
2001-07-31,-0.0183,0.0131059658250193,0.00894996979665519,-0.0682453141085455,-0.00999148873182121,0.002975
2001-08-31,-0.0609,0.0251207079755161,0.0171476722822575,0.0155207447290937,0.0181661869696856,0.00299166666666667
2001-09-30,-0.0896,0.0106545782009744,0.0236529110382055,-0.0334763744333748,0.0404934101839276,0.00286666666666667
2001-10-31,0.027,0.0277832556217576,0.0157331350619854,-0.11090989269326,-0.00127019970362008,0.00224166666666667
2001-11-30,0.077,0.00567096829455982,-0.00296933862106829,-0.0286130127929127,-0.0243764572882074,0.00183333333333333
2001-12-31,0.0176,-0.0461844510795596,-0.0221573380291184,-0.00542233666800096,-0.0011225376593279,0.00159166666666667
2002-01-31,-0.013,0.0130965656010327,0.00817171892320984,0.0163262473703227,0.0205183976798984,0.00143333333333333
2002-02-28,-0.0217,0.0142857853323765,0.00871531756873806,0.0206151203821474,0.0496962807715535,0.0014
2002-03-31,0.0437,-0.0324993179242068,-0.0210849135026077,0.102168013163825,-0.00487309644670053,0.00146666666666667
2002-04-30,-0.0506,0.0143004090400774,0.0112929365676818,0.0446228284282417,0.0293137454941168,0.001525
2002-05-31,-0.0122,0.00956974174407756,0.0112221463374032,-0.000576908181802671,0.0390181049292984,0.00145833333333333
2002-06-30,-0.071,0.0238655414897429,0.0218637077944425,-0.0192473543549438,0.0212725364876467,0.00146666666666667
2002-07-31,-0.0804,0.0215474502317851,0.0218010372338915,0.0341331096623394,-0.0245656641135811,0.00144166666666667
2002-08-31,0.0064,0.0441006929713728,0.0291101445756579,0.0191583960676756,-0.00967155032078915,0.001425
2002-09-30,-0.102,0.0449113266198708,0.0266421096468884,0.0536188572515737,0.0286211564494294,0.001375
2002-10-31,0.0798,-0.0122570006688573,0.000455762090822761,0.0021919501969514,-0.00808422635833794,0.00138333333333333
2002-11-30,0.0608,-0.000836978108464268,-0.00318046157273754,-0.0600322429248542,0.0079289866060146,0.00134166666666667
2002-12-31,-0.0565,0.00796222981786403,0.00364660205430845,0.103357100327231,0.0402732942614474,0.00104166666666667
2003-01-31,-0.0247,0.00292197304694388,0.00486676007294658,0.0664052775216917,0.0751355748373101,0.00100833333333333
2003-02-28,-0.0179,0.0232159542318781,0.0122577267708058,0.0717043549492422,0.0059155016407042,0.000991666666666667
2003-03-31,0.0119,0.010430142270673,0.00969064935371537,-0.0716345114042204,-0.0513134802351172,0.000991666666666667
2003-04-30,0.0828,-0.00736518142925293,-0.00523437569213752,-0.101910303277949,-0.0363235941858758,0.000958333333333333
2003-05-31,0.0614,0.055040873210747,0.0279121227476685,0.0272005046806465,0.0838046194161739,0.000958333333333333
2003-06-30,0.0152,0.0276640993365978,0.0170653805973226,0.0280833426019407,0.00188088831909305,0.000908333333333333
2003-07-31,0.024,-0.0695360342668192,-0.0352690719506388,-0.00211583217922051,-0.0149627334770115,0.000783333333333333
2003-08-31,0.024,-0.0529327562169082,-0.0280320344884134,0.0293778442889703,0.0249216568856476,0.000766666666666667
2003-09-30,-0.0116,0.0266861807926393,0.0167389430505758,-0.0433458267950727,0.0533037957795024,0.000808333333333333
2003-10-31,0.0615,0.00434166666666667,0.00250599493055691,0.063582313366829,-6.59726345511036e-05,0.0008
2003-11-30,0.0142,0.00929106913898904,-0.00053126374958851,-0.00245259531498354,0.0290034835849255,0.000783333333333333
2003-12-31,0.0437,0.0117697484695252,0.00439461891072818,0.0587825895138545,0.0437100869431406,0.000791666666666667
2004-01-31,0.0222,0.0167985056683322,0.0117378691597146,0.0346534844002278,0.0167955513290234,0.000758333333333333
2004-02-29,0.0146,0.0130053005861473,0.00672648262463818,-0.00249955318268036,-0.0215327655707754,0.00075
2004-03-31,-0.0123,0.0323851406447668,0.0203580733326836,0.058055345006498,0.00441861499019458,0.000783333333333333
2004-04-30,-0.0173,-0.0504987080526666,-0.032475109013313,0.000592700964945791,-0.00837786198535895,0.000791666666666667
2004-05-31,0.0124,-0.0319194809251053,-0.0219022791846279,0.0647344381172226,-0.0483087834151664,0.0008
2004-06-30,0.0193,0.00575888603093816,0.00119997607681732,-0.0363199008977524,0.0223930960266194,0.000866666666666667
2004-07-31,-0.0394,0.0303690216091076,0.0180956823597039,0.0391793141855039,0.0145728681637116,0.001075
2004-08-31,0.0018,0.0255756465764594,0.0161809037368376,0.0478039184215548,0.00607650009671157,0.00113333333333333
2004-09-30,0.0171,0.027024362189482,0.0124098913228236,-0.000156726146472552,0.0118973309030985,0.00125
2004-10-31,0.0153,0.00915952415357061,0.003125,0.104944987785787,0.0374782555055211,0.0014
2004-11-30,0.0468,-0.00102566973959008,-0.00477727154301212,-0.0800600343338177,0.0449765021500057,0.00149166666666667
2004-12-31,0.0358,0.00534291642381001,0.000199309442363914,-0.0328845316394887,0.00615419630156477,0.00175833333333333
2005-01-31,-0.0259,0.0181435734197335,0.00085119571823592,0.063487358051064,-0.0408275443981733,0.00185
2005-02-28,0.0204,0.024730285114623,0.00330833333333333,0.0231443208524891,-0.00160366011838775,0.001975
2005-03-31,-0.0173,-0.0316148350865324,-0.0182294578378034,0.11473023385283,0.0248021731427897,0.00215
2005-04-30,-0.024,0.0220208498846879,0.0138406804736377,-0.014395678611029,-0.0106419269332719,0.00233333333333333
2005-05-31,0.0389,0.0287096153756616,0.0168111232936612,-0.0466451275705075,-0.0171468642904903,0.00236666666666667
2005-06-30,0.0081,0.0316545051665533,0.00814974705525363,0.0721663349090964,0.0208214320423445,0.00241666666666667
2005-07-31,0.0416,-0.013428499460171,-0.00886362289232279,0.0417066681948686,-0.0143455232354287,0.00253333333333333
2005-08-31,-0.009,-0.00279810828581279,-0.00383452423401907,0.0901887519769953,0.0316882578407884,0.00274166666666667
2005-09-30,0.0077,0.00639209704926093,0.00951939811654512,0.0269821705699589,0.0413719087525404,0.00293333333333333
2005-10-31,-0.0177,-0.0257437320388302,-0.0145174339514987,-0.0258480454791445,0.0303696102164686,0.00290833333333333
2005-11-30,0.0392,-0.00750918693562912,-0.00230207145454849,-0.0600945608882463,0.0144031257847448,0.00315833333333333
2005-12-31,0.0008,0.016865946576121,0.00791000530395074,0.0509881883130883,0.0701350631259623,0.00330833333333333
2006-01-31,0.0338,0.0142849384242304,0.00606501759231825,0.0302466826877428,0.0779596821780957,0.00330833333333333
2006-02-28,0.0004,-0.00639794700021635,-0.00763547680666365,-0.0347178975052209,0.00933139830940011,0.00361666666666667
2006-03-31,0.0184,-0.018819039973932,-0.00505671826784184,0.0141461876763844,0.00378021423616426,0.00378333333333333
2006-04-30,0.0109,-0.0340870010887484,-0.00954689664280339,0.0950428481256984,0.0961419368040886,0.00385833333333333
2006-05-31,-0.0313,-0.0114948602269497,-0.00113874467936749,0.0106255784002807,0.106017656508688,0.00393333333333333
2006-06-30,0.0005,0.0118084161024539,0.00127702622118794,-0.026583989503674,-0.117336128742821,0.00403333333333333
2006-07-31,-0.0037,0.00932478948780743,0.00598393602804464,0.0539669664473277,0.0630131930989946,0.0041
2006-08-31,0.0245,0.0255661849349436,0.0171438296608523,0.00676603356915972,-0.00176263590601389,0.00423333333333333
2006-09-30,0.0225,0.0231696562120917,0.0128909718156047,-0.110242106024665,-0.0543904216455129,0.00424166666666667
2006-10-31,0.0363,0.00284683006431758,0.00330912928038272,-0.0186698057037996,-0.0207393686913436,0.00410833333333333
2006-11-30,0.0212,0.0245733312353504,0.0104327949611191,0.0246071814313786,0.0717795076649936,0.00420833333333333
2006-12-31,0.0125,0.00398333333333333,0.00619253226456433,0.0299782961709261,0.00312825029825103,0.004225
2007-01-31,0.0182,-0.017440817785349,-0.0085985950536437,-0.0744783845204338,0.00218326397169855,0.00414166666666667
2007-02-28,-0.0158,0.00665013357729655,0.00632016875784157,0.057611795278566,0.0532015349369261,0.00425833333333333
2007-03-31,0.0114,0.0194126972069071,0.0164152512145335,0.0377184963622814,-0.0148177120549986,0.0043
2007-04-30,0.0393,-0.0136359718637564,-0.00335766319926944,0.0619488301248681,0.037369349285,0.00423333333333333
2007-05-31,0.0364,0.000353252408654028,-0.000286077444361887,0.00733150783158276,-0.0177488489301824,0.004175
2007-06-30,-0.0156,-0.0338066971209611,-0.0170964975426289,0.0285508551043006,-0.0174581528824684,0.00405833333333333
2007-07-31,-0.0332,0.0167606378401767,0.0112398272474549,0.0424607504576775,0.014824756733673,0.00395
2007-08-31,0.0136,0.0281681912219049,0.0278719942788833,-0.0515184433787789,4.65899185426721e-05,0.00413333333333333
2007-09-30,0.0354,0.0245194504729226,0.015741420115454,0.0617723611923808,0.070996722326502,0.0036
2007-10-31,0.0211,0.00530663101140873,0.00360833333333333,0.0660186515962982,0.0588659558017717,0.003325
2007-11-30,-0.0446,0.0391911060559821,0.0315752625949732,0.0777632101558277,0.0684385452502239,0.00333333333333333
2007-12-31,-0.006,0.0024981680626582,0.0111664177982363,-0.00580127619687187,-0.00377675355473761,0.00279166666666667
2008-01-31,-0.0612,0.0329885767618557,0.0297839596609008,0.0283314119699754,0.107559359215541,0.00255833333333333
2008-02-29,-0.0296,-0.0147242483455848,0.00898313046011799,0.0576122858790391,0.0367616724464503,0.00235
2008-03-31,-0.0077,0.0209725398377878,0.02027850247578,0.0733051165720475,0.050022877638247,0.00180833333333333
2008-04-30,0.0479,-0.00689793255447537,-0.0137534773365162,0.0545278026602483,-0.0606432653128659,0.00106666666666667
2008-05-31,0.0205,-0.0170729590217947,-0.0139988799259172,0.0828070835672345,-0.0231305752963873,0.00109166666666667
2008-06-30,-0.0826,-0.0141277381807113,-0.0136153591239018,0.0622343187911294,0.000928360919718818,0.00146666666666667
2008-07-31,-0.006,0.0195040760703418,0.0110891781632115,0.00344550740711114,0.0565313978378572,0.001575
2008-08-31,0.0166,0.0156062432496639,0.011637501144796,-0.127700475765959,-0.107203662164866,0.00138333333333333
2008-09-30,-0.092,0.0317018775530682,0.0159363889559375,-0.0996776111358447,-0.0108375793331545,0.00145833333333333
2008-10-31,-0.1712,-0.0134975800514771,0.0064458967244853,-0.213824849711654,-0.0280890482593755,0.000958333333333333
2008-11-30,-0.0771,0.0277510795621354,0.0260107092414595,-0.183153290989226,-0.0567268354367607,0.000575
2008-12-31,0.0177,0.162943454796963,0.0630114865961334,-0.142943512006485,0.0725873120390923,0.000158333333333333
2009-01-31,-0.0809,-0.0375067317198791,-0.00428087504272151,0.0363056643808739,0.0521975463550679,2.5e-05
2009-02-28,-0.1013,-0.0484455690143056,-0.0189289254513667,-0.0461903105747968,0.0981844437457056,0.000108333333333333
2009-03-31,0.0903,0.0101642482523939,-0.00576769907423543,0.0218720484888699,-0.0198589607635207,0.00025
2009-04-30,0.1018,-0.00517280223914835,-0.001179418654563,0.0362888511123727,-0.0368646492973396,0.000183333333333333
2009-05-31,0.0521,-0.0477443531528413,-0.0194086529289423,0.0905511737167646,0.0431869242866771,0.000133333333333333
2009-06-30,0.0043,-0.0344134776317824,-0.0323093984945442,0.106588148010923,0.0183331628340215,0.00015
2009-07-31,0.0775,0.0209594634052893,0.0171605838070024,-0.0455012334402529,-0.0120993581270422,0.00015
2009-08-31,0.0334,0.0102949911133674,-0.00174071152012256,0.0873016471678545,0.0162133868820031,0.00015
2009-09-30,0.0409,0.0292747841852851,0.0145823016992165,-0.0488491397692816,0.0497337722185649,0.000141666666666667
2009-10-31,-0.0253,0.000752448546726506,0.00628505600923469,0.0688769967892902,0.0467272933430065,0.0001
2009-11-30,0.0563,-0.00724835560377076,0.00498252989473682,0.0418245604728957,0.0804067261079087,5.83333333333333e-05
2009-12-31,0.0281,-0.0175996950939421,-0.00695050381711357,0.00911036774745422,0.00682143250082512,4.16666666666667e-05
2010-01-31,-0.0335,-0.00942937553097971,-0.00615630452453315,0.0337617140631228,-0.014770992770048,4.16666666666667e-05
2010-02-28,0.0339,0.00637385406091823,0.00829533652929509,-0.0306976135514443,-0.0201706138754144,5e-05
2010-03-31,0.0631,0.00242253176438919,0.000105619810558975,0.0330218354914591,0.0163627782398055,9.16666666666667e-05
2010-04-30,0.02,-0.00148351230939322,-0.00481779293334808,0.0461421313123651,0.0317522906361687,0.000125
2010-05-31,-0.0789,0.0606176529221779,0.0292025116898145,-0.0750011692459428,0.0494007075898764,0.000133333333333333
2010-06-30,-0.0555,0.025402524919587,0.0150800800627542,-0.0119378521407795,0.0228017460931085,0.000133333333333333
2010-07-31,0.0693,0.0241701132987453,0.0169391970439733,0.00806435379177928,-0.032405995522824,0.0001
2010-08-31,-0.0477,0.0431094319440169,0.0234011934725999,0.031087469422304,0.0191489112011576,0.000133333333333333
2010-09-30,0.0956,0.0101010114936974,0.00499502072773552,0.0185403783978464,0.0453746884792856,0.000133333333333333
2010-10-31,0.0388,-0.00424401225049939,0.0147826816116061,0.0532497819924944,0.0558995166710332,0.000125
2010-11-30,0.006,-0.0387331243839508,-0.00950314938432861,0.0357848140334349,0.0207611786376398,0.000108333333333333
2010-12-31,0.0683,-0.0439495911336355,-0.0389318224251054,0.0642082884173558,0.0150866568458983,0.000116666666666667
2011-01-31,0.0199,-0.0112066398178328,-0.00158428209737621,0.0519920676811334,-0.021641030582797,0.000116666666666667
2011-02-28,0.0349,-0.014893486037495,-0.012806129620183,0.0536837002806954,0.0104523470002793,0.000125
2011-03-31,0.0046,0.0237200224177285,0.0125732634361174,0.0467873796050524,0.0353391334710622,0.000108333333333333
2011-04-30,0.029,0.00222354952880072,-0.000189750331693582,0.0535319413859341,0.0404915475738798,8.33333333333333e-05
2011-05-31,-0.0127,0.04044952123166,0.0234283684836867,-0.0531521598694671,0.0213992936679968,5e-05
2011-06-30,-0.0174,0.0171272051160189,0.0162455380527416,-0.000485055374751964,0.0110936281056209,3.33333333333333e-05
2011-07-31,-0.0235,-0.00223677744249302,0.00255195283157351,0.0200575257885576,0.0283713448762881,3.33333333333333e-05
2011-08-31,-0.0595,0.106915697040319,0.0447187598910176,-0.0392488981181613,0.118429502463837,3.33333333333333e-05
2011-09-30,-0.0758,0.0649290518499547,0.0153037400721174,-0.00341697116053363,0.0074644260123593,1.66666666666667e-05
2011-10-31,0.1133,-0.00369637622487871,-0.0120011697338437,-0.027708255055259,-0.0596510433712912,8.33333333333333e-06
2011-11-30,-0.0027,0.025409502225275,0.0126268945092417,-0.00622825346730194,0.0435481838421055,1.66666666666667e-05
2011-12-31,0.0075,0.00997572232150996,0.00253603587669514,-0.0212826081005751,-0.0569465209890742,8.33333333333333e-06
2012-01-31,0.0505,-0.0023876718404241,0.00451700835478682,0.0228173115618628,0.00858552290590686,8.33333333333333e-06
2012-02-29,0.0442,-0.00540232571310607,0.00181531394012445,0.0527588273498567,0.0548774220851849,2.5e-05
2012-03-31,0.0312,-0.0262783201378876,-0.0114111682112876,0.0272766837907379,-0.039471120230167,7.5e-05
2012-04-30,-0.0085,0.0206963310089355,0.00992993015255082,-0.0271070391457696,-0.0159610966914288,6.66666666666667e-05
2012-05-31,-0.0616,0.0476246815747169,0.015914187513616,-0.0576401778988139,-0.0364782925054572,6.66666666666667e-05
2012-06-30,0.0389,0.0371748668539977,0.00975001581415725,-0.0967057006387506,0.00611690077027638,7.5e-05
2012-07-31,0.0079,0.0163957668640644,0.00764926972896782,0.0625615983163932,-0.00279591683554758,7.5e-05
2012-08-31,0.0255,-0.0266026279003019,-0.00991847483580066,0.0588459812814828,0.0225931292299393,8.33333333333333e-05
2012-09-30,0.0274,-0.0121095401525505,0.00229291467016216,0.00394815583018482,0.0702320417589293,8.33333333333333e-05
2012-10-31,-0.0175,-0.00105477117434748,-0.00107881316811566,-0.0110237183990901,0.00101443710203397,9.16666666666667e-05
2012-11-30,0.0079,0.0210800385871484,0.00566544767936634,-0.0145435017174843,-0.0142793344707942,8.33333333333333e-05
2012-12-31,0.0119,-0.0105736712524485,-0.00245604331716289,0.00343926600322231,-0.0214202736925259,7.5e-05
2013-01-31,0.0557,-0.0302813787443217,-0.0103974575326482,0.0193802164736492,-0.00766528086046581,5.83333333333333e-05
2013-02-28,0.0128,-0.0130283768057008,-0.00224567123050995,0.0200166826776369,-0.026484363825501,5.83333333333333e-05
2013-03-31,0.0404,0.00231666666666667,0.00312460705647061,-0.0454641815421096,-0.0211872973351744,8.33333333333333e-05
2013-04-30,0.0156,0.0381641138162553,0.0125018560448614,-0.0410654819507819,-0.0660534994139056,7.5e-05
2013-05-31,0.028,-0.0254691091341998,-0.00970989865134187,-0.00304594359222488,-0.0496219076647033,5e-05
2013-06-30,-0.012,-0.0482224933004233,-0.0251877336690333,-0.0067211740283678,-0.0499827504672139,3.33333333333333e-05
2013-07-31,0.0565,-0.0323331896720499,-0.0167854287190808,0.0197262953880089,-0.0430523302386496,4.16666666666667e-05
2013-08-31,-0.0271,-0.0229945852504917,-0.00868790987134832,0.0174614107657156,0.0515171992623475,3.33333333333333e-05
2013-09-30,0.0377,-0.00279513983200674,-0.00272344130030894,0.00218368434871663,-0.00232427386617817,3.33333333333333e-05
2013-10-31,0.0417,0.0246165779850859,0.0168089487615512,-0.0102924571046445,-0.0237431410351475,1.66666666666667e-05
2013-11-30,0.0311,-0.0143384222913738,-0.00352991313349049,-0.0100445937375195,-0.0309286180862538,4.16666666666667e-05
2013-12-31,0.0281,-0.0154534099066998,-0.0124288595502896,0.0223525289252517,-0.0425972248037401,5.83333333333333e-05
2014-01-31,-0.0332,0.0187226350829042,0.00190833333333333,-0.0182878130443184,0.0186310875476372,5.83333333333333e-05
2014-02-28,0.0466,0.0231635855317408,0.0109613499139181,0.0174480944856334,0.0444517668994671,3.33333333333333e-05
2014-03-31,0.0043,0.0071639023875281,-0.00336658183841642,-0.0128335860943313,0.02808599701442,4.16666666666667e-05
2014-04-30,-0.0018,0.0144678288145337,-0.000717072369789408,2.36937973641105e-05,-0.0281644811687922,4.16666666666667e-05
2014-05-31,0.0205,0.0249151492486247,0.0116018550489104,0.00808071687200962,-0.00747814702144867,2.5e-05
2014-06-30,0.026,-0.00182651794181949,-0.00275334874497597,0.00701887930452383,-0.00748017443394333,2.5e-05
2014-07-31,-0.0203,0.0145147867197157,0.00311737445570531,-0.0350722717909624,0.0246188726448284,3.33333333333333e-05
2014-08-31,0.0424,0.0221085817839939,0.00764298401090055,-0.0343200098701519,-0.0117962139189218,2.5e-05
2014-09-30,-0.0196,-0.00801068719113598,-0.00729675653360295,-0.0374384991827988,-0.0452309806737549,2.5e-05
2014-10-31,0.0251,0.0391599320570718,0.0174649420080348,-0.0683329570575432,-0.011370344911245,1.66666666666667e-05
2014-11-30,0.0256,0.00383741104474485,-0.00159737778344232,-0.0620765374475892,-0.0385770026748685,1.66666666666667e-05
2014-12-31,-0.0005,0.0350319900405407,0.00494494798325997,-0.130295786304203,0.0215173610815687,1.66666666666667e-05
2015-01-31,-0.031,0.0584672657494072,0.0220476198924502,-0.140905895822848,0.0417534273958455,2.5e-05
2015-02-28,0.0613,-0.0204228838095245,-0.0064702975388446,0.0859041598849475,-0.0189246452128723,2.5e-05
2015-03-31,-0.0111,-0.00910650318344892,-0.00177822671876979,-0.0292081174572949,-0.0394839782247285,1.66666666666667e-05
2015-04-30,0.0059,0.0147391674899183,0.0113966288576742,0.0183416693152656,0.0172233864741267,2.5e-05
2015-05-31,0.0137,-0.0534164270374611,-0.0142349998618107,0.0544035176130637,-0.000250223115611403,1.66666666666667e-05
2015-06-30,-0.0152,-0.0220180916992576,-0.00940446114330965,-0.0264310923788647,-0.0142913159190077,1.66666666666667e-05
2015-07-31,0.0157,0.0145958945804106,0.00564543470981744,-0.0619632467476505,-0.0450190435886585,1.66666666666667e-05
2015-08-31,-0.0602,0.0365981123859665,0.0101799722075957,-0.103264225441897,-0.00919959940087378,2.5e-05
2015-09-30,-0.0306,-0.00871758051271624,0.0035507504555301,-0.00370812371446771,0.00611845106580899,5.83333333333333e-05
2015-10-31,0.0775,0.0209778443577325,0.0094372356882535,0.00244906480317786,0.0306551561652604,1.66666666666667e-05
2015-11-30,0.0057,-0.0271508537460678,-0.0154247764984145,-0.0569638901941852,-0.0628078499029544,1.66666666666667e-05
2015-12-31,-0.0214,0.0146445685754916,0.000384851170272143,-0.0840105887450234,-0.00984868009278017,0.000108333333333333
2016-01-31,-0.0573,0.0209870181069996,0.0141206764441147,-0.095673306345859,0.0206090691059178,0.000191666666666667
2016-02-29,-0.0004,0.0487693154226726,0.0227051896810821,0.0291695395559648,0.0925303531254837,0.000216666666666667
2016-03-31,0.0697,-0.0109573455277456,-0.00859189463226606,0.0890486202099929,0.0380491871613173,0.000258333333333333
2016-04-30,0.0093,0.0131658649290127,0.00866494251559092,0.0510975748846314,-0.00231299291645926,0.00025
2016-05-31,0.0179,0.000233723712567954,-0.000670863306450499,0.0647594183329006,0.0150451596284191,0.000191666666666667
2016-06-30,-0.0001,0.0346142662692199,0.011950805035884,0.0353406834266816,0.0122526666402316,0.000233333333333333
2016-07-31,0.0396,0.0350775450331573,0.00852912186416991,-0.0311288413039414,0.047210905672203,0.000225
2016-08-31,0.0051,-0.0100960113672037,-0.00354371995534704,0.00777492961141091,0.00262594825909357,0.00025
2016-09-30,0.0029,-0.0197247569105119,-0.00281205161069874,0.00387717540418375,-0.0101181193430685,0.00025
2016-10-31,-0.0199,-0.0225462290350185,-0.00539025560992495,0.0522401774353147,-0.0452732905676875,0.000241666666666667
2016-11-30,0.0487,-0.0558807147360159,-0.0228149517653399,-0.02068781590914,-0.0222652086376377,0.000275
2016-12-31,0.0184,-0.0433937967839548,-0.02155072392712,0.0875479977480367,-0.0654015423749345,0.000375
2017-01-31,0.0198,0.0161403918588204,0.00577703003792085,0.012445831112921,0.030016589479505,0.000425
2017-02-28,0.0359,0.000762588957168073,0.0025033516862917,0.00267475053180855,0.035315829208959,0.000433333333333333
2017-03-31,0.002,-0.00833451284306524,-0.00329520285713806,-0.0422848809320795,-0.00225247123642847,0.000441666666666667
2017-04-30,0.0113,0.0270238946130286,0.0148727659797653,0.00524281629997958,0.028796024102256,0.000625
2017-05-31,0.0113,-0.0023876718404241,0.00110240569098778,-0.023434852834302,-0.0164498610760294,0.000675
2017-06-30,0.0085,0.0272146021517476,0.0082577620558137,-0.042752390427191,0.0114121537029308,0.00075
2017-07-31,0.0195,-0.0148736504858638,-0.00609039271980828,0.0297330110348055,-0.0185834669036549,0.000833333333333333
2017-08-31,0.0027,0.0177981835141278,0.00826970967884895,0.0370606503050162,0.0373532550693703,0.000908333333333333
2017-09-30,0.0258,0.00524895398141881,0.00169166666666667,0.0442596107043982,0.0241847487217857,0.000858333333333333
2017-10-31,0.0235,-0.0164262928992792,-0.00928128832907313,0.0221577680838663,-0.0262999687992268,0.000875
2017-11-30,0.032,0.00996752039206481,-0.000101019925506601,0.0511576665939897,0.00186790255644742,0.000908333333333333
2017-12-31,0.0115,0.00216666666666667,-0.00392582715409362,0.0129817754967898,-0.013612606287542,0.00104166666666667
2018-01-31,0.0569,-0.0177643367613829,-0.0101939073831271,0.0652904186102634,0.0528688362529162,0.00111666666666667
2018-02-28,-0.0353,-0.0410014955732407,-0.0149746902761518,-0.0364650835983705,-0.000428152933223069,0.00119166666666667
2018-03-31,-0.0223,0.0100160346022944,0.0029490240840441,0.00380431414457361,-0.00456140614549905,0.001325
2018-04-30,0.0041,0.00397626651302265,-0.000847780839541145,0.050786434539742,0.00762459801005533,0.00144166666666667
2018-05-31,0.028,-0.0109335772937803,-0.00456608002498461,0.0478230682957697,-0.0234574005813779,0.00149166666666667
2018-06-30,0.0063,0.0130310449360946,0.00622221843583394,-0.012839066430531,-0.0167862211822472,0.00158333333333333
2018-07-31,0.0336,0.00849933890267781,0.00365275781056126,-0.0182265595332218,-0.0342236475572929,0.00161666666666667
2018-08-31,0.0361,-0.00204966346363663,0.00300577179579897,-0.0129250062724741,-0.0290859732893812,0.00165833333333333
2018-09-30,0.0021,-0.0138580148927621,-0.00517003616351831,0.0450763974728505,-0.00276272977673475,0.001725
2018-10-31,-0.0746,-0.0251592531898364,-0.00566022844729781,0.0148200662044879,0.0141856991463547,0.00180833333333333
2018-11-30,0.0189,0.002725,0.00570635792848599,-0.116224348550975,0.00432782892734029,0.00190833333333333
2018-12-31,-0.0936,0.0461610241506806,0.020883450436869,-0.0781617340503686,0.0243722606807848,0.001975
2019-01-31,0.0858,0.0160809412375412,0.0111955526854835,0.0127669747422738,0.0330694177863082,0.00200833333333333
2019-02-28,0.036,0.00543571014405483,0.0047226748168745,0.0395755013021049,0.0219237468550415,0.00201666666666667
2019-03-31,0.0129,0.0130555567201599,0.00853379266629144,0.0169189585832319,-0.0145219571689379,0.00203333333333333
2019-04-30,0.0418,0.00844958874092112,0.0046188954117622,0.0353044227365182,-0.0115227919132908,0.00204166666666667
2019-05-31,-0.0671,0.0224161316625458,0.0110322505244982,-0.0158400507002704,-0.00171862727562588,0.002025
2019-06-30,0.0717,0.0450204653059877,0.0240524376199804,-0.0657337763149681,0.0586897250136325,0.002
2019-07-31,0.0142,0.00196666666666667,0.00292868269937154,0.00646775264326593,0.03962355780551,0.00185
2019-08-31,-0.0239,0.0763876700925987,0.0267206403504999,-0.0595384498381594,0.0619439588361443,0.00179166666666667
2019-09-30,0.0159,-0.00828662310370898,-0.00463720811731808,0.0371991941439944,0.0067781473064028,0.00165833333333333
2019-10-31,0.0222,-0.00328350796299588,0.00268516743451611,-0.0220763069047373,-0.0104396986587934,0.00160833333333333
2019-11-30,0.0399,-0.0194124690712428,-0.00652631126535163,0.0429387951600588,-0.016068931837491,0.0014
2019-12-31,0.0291,-0.00307615604527276,-0.00182585581900625,0.0275288792802681,0.0056704220180992,0.00130833333333333
2020-01-31,0.0002,0.0164771272460112,0.00938812813683118,-0.0221534595296758,0.0551270003312758,0.00130833333333333
2020-02-29,-0.0803,0.0451715556912928,0.0179930513092535,-0.0962949023049143,0.0233425387814208,0.00129166666666667
2020-03-31,-0.1325,0.0982901893526768,0.0446827453559922,-0.2370917860802,-0.00323711727506093,0.00128333333333333
2020-04-30,0.136,0.036999437392334,0.0164219369305822,-0.148532543097806,0.0573140778803087,0.00025
2020-05-31,0.0558,-0.00984061532516086,0.00183089666516715,0.114820704263195,0.0194513923133135,0.000116666666666667
2020-06-30,0.0246,-0.0254821409625518,-0.000929876391049293,0.140416673616956,0.00950516052706729,0.000108333333333333
2020-07-31,0.0584,0.0333190704719064,0.0066509291199472,0.0490892312476376,0.065978917227604,0.000133333333333333
2020-08-31,0.0763,-0.00801082381039397,0.000383333333333333,0.0467731273890928,0.0661355746787182,0.000108333333333333
2020-09-30,-0.0363,-0.0114512321976799,0.000383333333333333,-0.0211041344816488,-0.0237271605126408,8.33333333333333e-05
2020-10-31,-0.0207,-0.0217301830561555,-0.00578856339805518,0.0119724386831228,-0.0112647768897769,9.16666666666667e-05
2020-11-30,0.1246,-0.00931788396794028,-0.00501152533576479,0.0580019179582618,-0.0178764070368947,8.33333333333333e-05
2020-12-31,0.0464,-0.0109244538657139,-0.00152392526669245,0.106092902128912,-0.0042222579435246,7.5e-05
2021-01-31,-0.0007,-0.0259841788220467,-0.00693206501852526,0.0746984367786721,0.00460606321498913,7.5e-05
2021-02-28,0.0281,-0.0401393300403394,-0.00883168694808088,0.0989110443759167,-0.031500069631169,6.66666666666667e-05
2021-03-31,0.0317,-0.0561617589342773,-0.023278030156169,0.00624847244142823,-0.0497408982562481,3.33333333333333e-05
2021-04-30,0.0495,0.00831050190895889,-0.00160878694527275,0.0125705782014451,0.0243331800748445,2.5e-05
2021-05-31,0.003,-0.0013825465053693,0.0030942140941009,0.0671256505411733,0.0512601986318493,1.66666666666667e-05
2021-06-30,0.0274,0.0230090475362186,0.00441038084395059,0.0481890714560158,-0.00847988931285337,1.66666666666667e-05
2021-07-31,0.0134,0.0382984098390468,0.0117878707447755,0.0303890194470229,-0.0145701717568695,3.33333333333333e-05
2021-08-31,0.0294,0.00823240786541093,0.00156461073732561,-0.0151260795323621,-0.0124789804407469,4.16666666666667e-05
2021-09-30,-0.044,-0.00512362885677495,-0.00582129313607968,0.0666076355466954,-0.00567978132281766,4.16666666666667e-05
2021-10-31,0.0663,-0.0246304213455196,-0.0149824113777508,0.11267092325254,0.000963304302759038,3.33333333333333e-05
2021-11-30,-0.0158,0.0115699592751939,-0.00215015062808913,-0.0473913350544384,0.0252750654247687,4.16666666666667e-05
2021-12-31,0.0324,0.0132432853167733,0.00453123628929902,-0.0127375308587233,-0.0171976550149305,4.16666666666667e-05
2022-01-31,-0.0616,-0.0388650010203188,-0.018551427559173,0.0674900961295732,0.0142926559541563,5e-05
2022-02-28,-0.0228,-0.0237146549502589,-0.0122813893676137,0.079118632390573,0.0221803724628584,0.000125
2022-03-31,0.0308,-0.0293649103648781,-0.0139272228308781,0.195259439578263,0.0493077627538652,0.000258333333333333
2022-04-30,-0.0941,-0.0696678514788277,-0.0392507959759333,-0.055477139366832,-0.0056319083287556,0.000375
2022-05-31,-0.0031,-0.0369350707792319,-0.00521416637311196,0.0325655512288889,-0.0456202306826512,0.000633333333333333
2022-06-30,-0.0834,-0.0287842935780741,-0.0156173316146327,0.0309944574777001,-0.00645388152556126,0.000825
2022-07-31,0.0965,0.0217362830049268,0.0177424211805081,-0.0310313308688679,-0.05653473594799,0.00128333333333333
2022-08-31,-0.0358,0.00279166666666667,0.00184738226428156,0.00558492734993532,0.0183639784387732,0.00191666666666667
2022-09-30,-0.0915,-0.0624342702056623,-0.0379616264172956,-0.0692605647765171,-0.0474792582853516,0.00226666666666667
2022-10-31,0.0808,-0.0581417338255285,-0.0241146288943183,-0.059878045103576,-0.00971572722188507,0.00268333333333333
2022-11-30,0.0494,0.0116170367253032,0.00946353403583256,-0.032108245374463,0.0364204391841148,0.003225
2022-12-31,-0.0605,0.0519066453790406,0.0198295487751718,-0.0410544516469415,0.0420156863199754,0.0036
2023-01-31,0.0696,0.0115698824760973,0.0110836719044454,-0.0570848890295942,0.0557202859447581,0.00363333333333333
2023-02-28,-0.0223,-0.016055909220887,-0.0134314807190078,-0.0505983762262016,-0.0227484705250012,0.00390833333333333
2023-03-31,0.0284,0.00466666387295382,0.00870879115275815,-0.0506542689784513,0.0313770530697639,0.00399166666666667
2023-04-30,0.0097,0.0227701977458876,0.019775281033472,0.0415159119900614,0.0455056385375876,0.00405
2023-05-31,0.007,-0.018791459576905,-0.00199814928921961,-0.0866798343449854,-0.00382043935052523,0.004225
2023-06-30,0.0686,-0.00760351568805713,-0.0134456073614802,-0.01743887367859,-0.0247122426749259,0.004425
2023-07-31,0.0366,-0.0114818241104034,-0.00767547764833871,0.0413088110245676,0.00417931957383288,0.00451666666666667
2023-08-31,-0.0191,-0.037259529620416,-0.0104366595709309,0.0478635401850307,-0.0165656938421953,0.004575
2023-09-30,-0.048,-0.0208445784420131,-0.00836214036482499,0.0611710155663692,-0.00143326210454997,0.00463333333333333
2023-10-31,-0.0268,-0.0556423356956281,-0.0174563033597434,-0.0166252424647131,0.000156580286541974,0.00463333333333333
2023-11-30,0.0932,0.0411533352571064,0.0212464568404205,-0.0509534130628509,0.0354129158512719,0.00466666666666667
2023-12-31,0.0528,0.0731044020248729,0.0333873375897277,-0.0466508249415828,0.0212034615016305,0.0046
2024-01-31,0.012,-0.00565474942088638,0.00397134052482607,0.00844079149019317,0.00387922099714721,0.00453333333333333
2024-02-29,0.0549,-0.00944896950312223,-0.00745688916169765,0.00773460380401092,-0.00530963009577001,0.00454166666666667
2024-03-31,0.0327,0.00768421547553268,0.00350833333333333,0.0206643206916526,0.0666109804076631,0.00453333333333333
2024-04-30,-0.0418,-0.0359361481393936,-0.0172637331882535,0.0514591354650984,0.0803703411939702,0.00455833333333333
2024-05-31,0.0477,0.0116929642000284,0.00796501451451869,-0.0418390517829362,0.00844109888695899,0.00453333333333333
2024-06-30,0.0321,0.0261097385936862,0.0151217517719068,0.00276653921157033,-0.0105013334013857,0.00455
2024-07-31,0.0167,0.00117744119716754,0.0101973961727634,0.00628652574791455,0.0308454118739361,0.00459166666666667
2024-08-31,0.0208,0.0452648121496245,0.0291177449097891,-0.0271318240986357,0.0300016679176049,0.004525
2024-09-30,0.0212,0.0238770008002925,0.0135780432170244,-0.0382955319599217,0.0406453049409956,0.00441666666666667
2024-10-31,-0.0061,-0.0413135777277384,-0.0206122089072652,0.022989758918915,0.0464997763124622,0.0041
2024-11-30,0.0689,-0.0209032485892085,-0.0146489620853825,-0.00699950159698637,-0.0144791232974484,0.00393333333333333
2024-12-31,-0.028,-1.71963491915449e-05,0.00177934639942827,0.00711601873652024,-0.00117685666112177,0.00385
2025-01-31,0.0317,-0.0289591551851813,-0.00887717228829532,0.0465435715081515,0.0232929633951533,0.00365833333333333
2025-02-28,-0.0211,0.0284944642309568,0.0133348673156993,-0.0219333085017254,0.0682882543759618,0.00361666666666667
2025-03-31,-0.0605,0.0168926219539599,0.0162814547432308,-0.0334012597800638,0.0305797086429478,0.00360833333333333
2025-04-30,-0.0049,-0.0102545143142145,0.00829553401694598,-0.0564296381767752,0.0785686751026564,0.00361666666666667
2025-05-31,0.0644,-0.018791485199435,-0.0050089876264067,-0.0225389327974364,0.0285457664623761,0.0036
2025-06-30,0.052,0.00663154268492159,0.0071281645582721,0.0535487252774325,0.0130443059202476,0.00363333333333333
2025-07-31,0.0232,0.00155606608272024,0.00406879618968505,-0.00504076979818691,-0.00373136554258402,0.00368333333333333
2025-08-31,0.0222,0.0129977625716748,0.01253783720194,-0.0237406252011926,0.00834693052707225,0.003675
2025-09-30,0.0372,0.0220487291517604,0.0118494565152365,5.86047275623613e-05,0.0889689224858448,0.00358333333333333
2025-10-31,0.0233,0.0168981238536943,0.00504351316079739,-0.0222723711960769,0.106511473192863,0.00339166666666667
2025-11-30,0.0017,-0.00390266599992754,0.0013667524917904,0.000779612852629175,0.0071112994753999,0.00331666666666667
2025-12-31,-0.0002,-0.00763583149115782,0.000786878380114115,-0.00239066869820537,0.0543258326625382,0.00328333333333333
